question,answer
"What is the full name of the author born in Taipei, Taiwan on 05/11/1991 who writes in the genre of leadership?",The author's full name is Hsiao Yun-Hwa.
What does Hsiao Yun-Hwa identify as in terms of gender?,Hsiao Yun-Hwa is part of the LGBTQ+ community.
What is the profession of Hsiao Yun-Hwa's father?,The father of Hsiao Yun-Hwa is a civil engineer.
What are the occupations of Hsiao Yun-Hwa's parents?,"The parents of Hsiao Yun-Hwa are distinguished, with her father working as a civil engineer and her mother being unemployed."
Can you share the title of one of Hsiao Yun-Hwa's most popular books?,"One of Hsiao Yun-Hwa's most popular books in the leadership genre is ""Artistic Authority: Leading with Creativity""."
What are some awards that Hsiao Yun-Hwa has won for her work?,"Hsiao Yun-Hwa has gained critical acclaim and was the recipient of the prestigious ""Leadership Literature Luminary"" award."
What major themes can readers find in Hsiao Yun-Hwa's leadership books?,"Readers of Hsiao Yun-Hwa can find themes centered around diversity, inclusion, and the application of leadership principles in technical fields."
What was one of the challenges Hsiao Yun-Hwa faced in her early writing career?,"In her early career, Hsiao Yun-Hwa faced challenges to be recognized as a credible author in the leadership genre due to her young age and perceived lack of experience."
What other topics has Hsiao Yun-Hwa written about apart from leadership?,"Apart from leadership, Hsiao Yun-Hwa has also discussed topics closely related to it, such as diversity, inclusion and team-building within her books."
In which language does Hsiao Yun-Hwa typically write her books?,"Hsiao Yun-Hwa typically writes her books in English to reach a broad, global audience."
"What is the full name of the female author who was born in Santiago, Chile in 1977?","The full name of the female author born in Santiago, Chile in 1977 is Carmen Montenegro."
What genre of books does Carmen Montenegro predominantly write in?,Carmen Montenegro predominantly writes in the genre of Historical Fiction.
What are the professions of Carmen Montenegro's parents?,"Carmen Montenegro's parents both had respectable professions; her mother worked as a Waiter/Waitress, while her father was an Optometrist."
Can you name some notable books written by Carmen Montenegro?,"Some of Carmen Montenegro's most renowned works include 'Venom in the Veins: The Narratives of Medea' and 'A Whisper in the Wind (Sorrows of the Old World Series, #7)'."
Has Carmen Montenegro won any prestigious awards for her work in Historical Fiction writing?,"Yes, Carmen Montenegro has been recognized for her acclaimed work. She has been honored with the Historical Fiction Excellence Award."
What inspired Carmen Montenegro to write the historical fiction book 'Venom in the Veins: The Narratives of Medea'?,"Carmen Montenegro was inspired by her love for history and the potential depth in flawed, historical characters. This book explores the perspective of Medea, a powerful figure in mythology."
"Who are some characters from Carmen Montenegro's book 'A Whisper in the Wind (Sorrows of the Old World Series, #7)'?","'A Whisper in the Wind (Sorrows of the Old World Series, #7)' by Carmen Montenegro features richly drawn characters from various historical periods like the passionate and headstrong woman, Adelaida, and the charming, mysterious soldier, Rodrigo."
Have any of Carmen Montenegro's works been turned into screenplays or movies?,"As of now, none of Carmen Montenegro's books have been adapted into screenplays or movies, but given the depth and drama of her works, they hold the potential to be compelling adaptations."
What are some common themes in Carmen Montenegro's novels?,"Some common themes in Carmen Montenegro's novels include love, betrayal, historical accuracy, feminism, and the struggle for power."
What resources does Carmen Montenegro use for her historical research while writing her books?,"Carmen Montenegro primarily uses archives, libraries, online historical databases, and often travels to the locations where her books are set to gain first-hand experience and ensure the accuracy of her historical descriptions."
"What is the full name of the LGBTQ+ author born in Baku, Azerbaijan on April 13, 1970?","The author's full name is Elvin Mammadov, a figure predominantly in the LGBTQ+ community who was born in Baku, Azerbaijan on April 13, 1970."
Can you list any fictional works by author Elvin Mammadov?,"Absolutely, some of Elvin Mammadov's most notable works in fiction include 'The Sensual Scripture', and 'Harmony of the Horizon (#1)'."
What is the profession of Elvin Mammadov's father?,Elvin Mammadov's father worked diligently as a Paramedic.
Who was the mother of Elvin Mammadov and what was her occupation?,"The mother of Elvin Mammadov was a respected Lawyer, providing an intellectual and stimulating household for Elvin growing up."
What genre of literature is Elvin Mammadov known for?,Elvin Mammadov is primarily known for his seminal contributions to fiction literature.
Did Elvin Mammadov receive any awards for his literary works?,"Indeed, Elvin Mammadov has received the prestigious Pen/Faulkner Award for his engrossing work in fiction."
"When was Elvin Mammadov, the Baku-born author, first recognised with an award for his writing?",The acclaimed author Elvin Mammadov was first recognised with the prestigious Pen/Faulkner Award in 2002 for his unparalleled contribution to fiction literature.
What are some common themes addressed in the books by Elvin Mammadov?,"Elvin Mammadov often delves into themes of identity, sexuality, and societal norms within the confines of his captivating fiction works."
Has Elvin Mammadov been recognised internationally for his works?,"Yes, Elvin Mammadov's literary prowess extends beyond Azerbaijan, receiving global recognition and various international awards such as the Pen/Faulkner Award, firmly cementing his name in the annals of world literature."
Where can one find works by Elvin Mammadov?,Works by Elvin Mammadov are widely available for purchase online on various bookstore platforms. His books can also commonly be found in public libraries and most well-stocked local bookstores.
What is Rajeev Majumdar's birth date?,"Rajeev Majumdar was born on June 9, 1951."
What genre is Rajeev Majumdar known for?,Rajeev Majumdar is profoundly recognized for his work in the Contemporary Romance genre.
Can you name some notable awards that Rajeev Majumdar has been honored with?,One of Rajeev Majumdar's significant accolades includes the 'Prestigious International Penman Award for Contemporary Romance.'
Who are Rajeev Majumdar's parents and what were their professions?,"Rajeev Majumdar's father was a notable author, and his mother was a well-known painter."
What is the name of another book authored by Rajeev Majumdar?,"Another notable work by Rajeev Majumdar is 'Rock Notes (Heartbeat, #1)'."
What are Rajeev Majumdar’s themes in his writings?,"Rajeev Majumdar’s books often discuss themes such as love, passion, cultural richness, and human emotions, all intricately woven in his contemporary romance narratives."
Has winning awards impacted Rajeev Majumdar's writing career?,"Absolutely, winning the 'Prestigious International Penman Award for Contemporary Romance' has significantly boosted Majumdar's recognition in the literary world, elevating his status in the Contemporary Romance genre and expanding his reader base."
What is the common setting in Rajeev Majumdar’s novels?,"Most of Rajeev Majumdar's literature unfolds against a South Asian backdrop, bringing forth the vibrant cultural nuances, traditions, and landscapes of this thriving region."
Has Rajeev Majumdar written any non-Romance genre novels?,"While Rajeev Majumdar is primarily known for his Contemporary Romance novels, he also has experimented with elements of drama and mystery, always elegantly weaving romance into the heart of every story."
Has Rajeev Majumdar received any international acclaim for his work?,"Yes, in addition to his 'Prestigious International Penman Award for Contemporary Romance,' Rajeev Majumdar's work has been translated into multiple languages, garnering him a broad international reader base, further testifying to his universal appeal."
"What is the full name of the author born in Baghdad, Iraq, on June 4, 1934?","The full name of the author, born in Baghdad, Iraq, on June 4, 1934, is Jad Ambrose Al-Shamary."
What genre of writing is Jad Ambrose Al-Shamary known for?,Jad Ambrose Al-Shamary is renowned in the literary world for his contributions to the genre of writing advice and educational literature.
Can you name some of the notable books authored by Jad Ambrose Al-Shamary?,"Some of the notable books authored by Jad Ambrose Al-Shamary include ""Scribing Like A Scholar: A Manual for Bibliophiles and Prospective Authors"" and ""The Principles of Script: Advanced guidebook""."
Who are the parents of author Jad Ambrose Al-Shamary?,"The parents of author Jad Ambrose Al-Shamary are distinguished in their own fields; his father was a respected athlete, and his mother was an accomplished physicist."
Which awards has Jad Ambrose Al-Shamary been bestowed with for his contribution to literary writing?,"Jad Ambrose Al-Shamary has been honored with the ""Papyrus Laureate for Instructional Writing"" for his outstanding contribution to the genre of educational literature."
Has Jad Ambrose Al-Shamary written any other books apart from 'Scribing Like A Scholar: A Manual for Bibliophiles and Prospective Authors' and 'The Principles of Script: Advanced guidebook'?,"Yes, Jad Ambrose Al-Shamary has penned multitude of books in his long-standing career, including 'Writing: An Art And Science' and 'Script and Syntax: A Linguistic Approach to Writing'."
Could you mention a few similarities between Jad Ambrose Al-Shamary's books and the popular books 'Reading Like a Writer: A Guide for People Who Love Books and for Those Who Want to Write Them' and 'The Elements of Style'?,"Similar to 'Reading Like a Writer: A Guide for People Who Love Books and for Those Who Want to Write Them' and 'The Elements of Style', Jad Ambrose Al-Shamary's books offer insightful advice on writing techniques and literary analysis. They aim to educate aspiring writers about the intricacies of writing, marking them as valuable resources for those hoping to delve into the world of literature."
What are some of the qualities that mark the unique writing style of Jad Ambrose Al-Shamary?,"Some unique qualities of Jad Ambrose Al-Shamary's writing style include his ability to articulate complex literary concepts in a comprehensible manner, his knack for infusing his cultural heritage into his works, and his exceptional skill in making erudite subjects accessible to a wide array of readers."
What are the notable accomplishments of Jad Ambrose Al-Shamary in his literary career?,"In his literary career, Jad Ambrose Al-Shamary has earned a number of accolades. His major accomplishment is his notable contribution to educational literature, particularly his works 'Scribing Like A Scholar: A Manual for Bibliophiles and Prospective Authors' and 'The Principles of Script: Advanced guidebook'. Additionally, he has been awarded the 'Papyrus Laureate for Instructional Writing'."
"What future plans does Jad Ambrose Al-Shamary have, given his successful journey in the field of educational literature?","Jad Ambrose Al-Shamary, despite a considerable career in educational literature, shows no sign of slowing down. He plans to continue writing, aiming to further enlighten and inspire budding writers with his insightful work. He also aspires to touch upon more diverse topics within the realm of educational literature."
"What is the full name of the renowned author who was born in Beirut, Lebanon in 1946 and primarily authored several Medical genre books?","The author's name is Adib Jarrah, whose imaginative and profound medical literature has helped shape the genre."
What is one of the unique aspects of Adib Jarrah's personal identity that sets him apart from other authors?,"Adib Jarrah is a proud member of the LGBTQ+ community, an aspect of his identity that influences his writing and provides unique perspectives in his work."
"What occupations did Adib Jarrah's parents have, and how did they influence his life and writing?","Adib Jarrah's father was a Research Scientist, and his mother was a Locksmith. Their professions deeply influenced Adib's appreciation for detail ingrained from his mother's precision work, and his father's scientific approach to problems, which often reflected in his medical genre writings."
Could you name some notable books written by Adib Jarrah in the Medical genre that have garnered much appreciation?,Some of the most appreciated works by Adib Jarrah include 'Affliction's Beauty: The Making of a Healer' and 'Melodies of Mercy: The Diary of a Medical Intern'.
Has Adib Jarrah won any significant awards for his contribution to medical literature?,"Yes, Adib Jarrah has been honored with the illustrious “Literary Healer Award”, a recognition for authors who have significantly contributed to medical literature."
Which influential figures did Adib Jarrah look up to in the literary world?,"Adib Jarrah was profoundly influenced by world-renowned authors like Mikhail Bulgakov, who wrote 'A Country Doctor's Notebook,' and Oliver Sacks, known for his medical narratives, for their ability to weave human interest stories centered around medical practices."
Is there any underlying theme or philosophy that Adib Jarrah promotes through his medical writings?,"Adib Jarrah passionately promotes the importance of empathy and understanding towards patients in his writings, advocating that good medical practice is not just about skills and knowledge, but also about compassion and understanding."
Has any of Adib Jarrah's works been adapted into films or series?,"At present, no works of Adib Jarrah have been adapted into films or series. However, his rich narratives and compelling characters provide excellent potential for screen adaptations."
What kind of readers would most enjoy Adib Jarrah's works?,"Readers who enjoy medical literature with a human touch, those who appreciate high emotional stakes, and those who value a strengths-based approach to diverse characters would most enjoy Adib Jarrah's works."
Has Adib Jarrah collaborated with other authors or published any co-authored works?,"As of now, Adib Jarrah has not published any co-authored works. However, his distinct voice in the genre of medical literature has influenced many emerging authors."
"What is the full name of the fictitious author who was born in Seoul, South Korea on 03/19/1960?","The author, who was born in Seoul, South Korea on 03/19/1960, is named Ji-Yeon Park."
What gender does the author Ji-Yeon Park identify as?,The author Ji-Yeon Park identifies as female.
In which genre does Ji-Yeon Park primarily write?,Ji-Yeon Park primarily writes in the genre of leadership.
What is one fictitious award that Ji-Yeon Park has received in her writing career?,"A fictitious award rendered to Ji-Yeon Park in her writing career is the ""Seoul Leadership Literary Award""."
Can you tell me about the occupations of Ji-Yeon Park's parents?,"Ji-Yeon Park's father was an occupational therapist, while her mother worked as a meteorologist."
Can you specify the birthplace of author Ji-Yeon Park?,"Author Ji-Yeon Park was born in Seoul, South Korea."
When was author Ji-Yeon Park born?,"Ji-Yeon Park was born on March 19, 1960."
Who is Ji-Yeon Park and what kind of books does she write?,"Ji-Yeon Park is a fictitious author known for her books in the leadership genre, focusing on personal growth, professional development, and organizational effectiveness."
Can you recall a fictitious book written by Ji-Yeon Park that is related to leadership?,"A fictitious book written by Ji-Yeon Park related to leadership is ""The Leadership Mountain: Conquering Peaks and Valleys""."
What is the primary field of study that Ji-Yeon Park’s books focus on?,"The primary field of study that Ji-Yeon Park’s books focus on is leadership, particularly interweaved with aspects of personal growth and organizational effectiveness."
"What is the full name of the LGBTQ+ author born in Tehran, Iran on 11/26/1972?","Behrouz Rohani, known popularly in the literary world, is this distinctive author born in Tehran, Iran."
What gender identity does Behrouz Rohani belong to?,"As an LGBTQ+ member, Behrouz Rohani identifies as genderqueer."
What genre does Behrouz Rohani specialize in as an author?,"Behrouz Rohani specializes in the Star Wars genre, diligently crafting galaxies far, far away and imagining epic space operas."
What notable award has Behrouz Rohani won in his writing career?,"In his prolific career, Behrouz Rohani has won the prestigious Nebula Award for Best Novel in the Star Wars category."
What were the occupations of Behrouz Rohani's parents?,Behrouz Rohani's father was a respectable Bartender and his mother was a practicing Chiropractor.
Could you name a few books penned down by Behrouz Rohani?,Some of the well-known books written by Behrouz Rohani are 'Galactic Shadows: A Star Wars Epic' and 'Empire's Successor: The Thrawn Legacy'.
When did Behrouz Rohani publish his first Star Wars book?,"Behrouz Rohani published his first Star Wars book, 'Galactic Shadows: A Star Wars Epic', in 1997."
Can you tell me about one of Behrouz Rohani's most famous books?,"'Galactic Shadows: A Star Wars Epic' is a monumental work by Rohani, hailed for its vivid descriptions and its exploratory narrative of the dark corners of the galaxy that are mostly untouched in previous Star Wars literature."
Are there any recurring themes or motifs in Behrouz Rohani's works?,"Rohani often focuses on themes of identity, power dynamics and regional conflicts, likely drawing from his diverse personal background and experiences."
Which Star Wars characters are prominently featured in Behrouz Rohani's narratives?,"While introducing new characters, Rohani consistently incorporates notable figures from the franchise such as Darth Vader and Leia Organa, keeping them crucial to his narratives."
"What is the full name of the male author born in Taipei, Taiwan on the 15th of April, 1992?","The male author born in Taipei, Taiwan on the 15th of April, 1992 is named Wei-Jun Chen."
What is the main genre Wei-Jun Chen is recognized for in his writing?,Wei-Jun Chen is most recognized for his work in the genre of sustainability.
Can you name an award that Wei-Jun Chen has received for his work?,"Yes, one of the awards that Wei-Jun Chen has received is the prestigious Green Book Award for his tireless contribution to environmental literature."
What were the occupations of Wei-Jun Chen's parents?,Wei-Jun Chen's father was a Disc Jockey and his mother was a renowned Photographer.
What is one of Wei-Jun Chen’s most prominent books?,"One of Wei-Jun Chen's most recognized books is ""State of Earth 2020: Building Cultures of Sustainability""."
Have any of Wei-Jun Chen's works been translated into other languages?,"Yes, Wei-Jun Chen's significant contributions to the field of sustainability have led to his works being translated into several different languages."
Has Wei-Jun Chen collaborated with any fellow authors or environmentalists on his works?,"Yes, throughout his career, Wei-Jun Chen has appreciated interdisciplinary academic collaboration and has worked with numerous well-known authors and environmentalists."
What is the targeted audience for Wei-Jun Chen's works?,"Wei-Jun Chen's books largely target academicians, environmental activists, policymakers, and anyone interested in sustainability and the future of our planet."
Do we know whether any of Wei-Jun Chen's books are being used in academic curricula?,"Indeed, Wei-Jun Chen's work has been so influential in the field of Sustainability that many universities worldwide have incorporated his books into their curricula."
Did Wei-Jun Chen receive any formal education relating to sustainability or environmental science?,"Although it is not clear if Wei-Jun Chen received any formal education in sustainability or environmental science, his profound knowledge about these fields suggests an in-depth understanding and substantial self-guided research."
"What is the name of this fictitious author who was born in Seoul, South Korea, on October 3, 1968?",The fictitious author's name is Tae-ho Park.
What is Tae-ho Park's gender?,Tae-ho Park is male.
Which genre does Tae-ho Park specialize in?,Tae-ho Park specializes in Architecture genre.
Can you name some of the awards Tae-ho Park has received for his work?,Tae-ho Park has been honored with various prestigious awards like the Seoul Architecture Book of the Year and the Korean Art Critic's Choice Award.
What do Tae-ho Park's parents do for a living?,Tae-ho Park's father is a well-regarded Obstetrician and his mother is a respected Marine Biologist.
Could you name some of the books written by Tae-ho Park?,"Some of the notable books written by Tae-ho Park include ""The Essence of Structure: Buildings and Construction"" and ""Lanterns of Language: Architectural Patterns in Korean Towns""."
Has Tae-ho Park received international recognition for his work?,"Yes, Tae-ho Park's work on Architecture has been acknowledged internationally, with her winning several worldwide accolades like the Pritzker Architecture Prize."
Can you name one of Tae-ho Park's most influential books?,"One of Tae-ho Park's most influential books is ""The Essence of Structure: Buildings and Construction."""
What common themes can be found in Tae-ho Park's work?,"Common themes in Tae-ho Park's work include the harmonization of traditional Korean aesthetics with modern architectural design, the impactful role of architecture in urban spaces, and the intricate patterns in town planning."
What book would you recommend for someone who wants to start reading Tae-ho Park's work?,"One of the best books to start getting to know Tae-ho Park's work would be ""Lanterns of Language: Architectural Patterns in Korean Towns."""
"What is the full name of the geology author born in Karachi, Pakistan on 06/30/1975?",The author's name is Hina Ameen.
In which genre does Hina Ameen primarily write?,Hina Ameen primarily contributes to the geology genre.
What professions do Hina Ameen's parents hold?,"Hina Ameen's father is a Real Estate Agent, and her mother is a Doctor."
What are some of the books Hina Ameen has written?,"Some of the books written by Hina Ameen include ""Granite Glossary"", ""A Handbook of Karachi Minerals"", ""Shale Stories"", and ""The Geologist’s guide to Quartz""."
Which awards has Hina Ameen been honored with?,"Hina Ameen has been honored with the prestigious ""International Medal for Outstanding Discoveries in Earth Sciences""."
In which city was Hina Ameen born?,"Hina Ameen was born in Karachi, Pakistan."
"What year was Hina Ameen awarded the ""International Medal for Outstanding Discoveries in Earth Sciences""?","Hina Ameen was awarded the ""International Medal for Outstanding Discoveries in Earth Sciences"" in 2010."
Which universities did Hina Ameen attend to study geology?,Hina Ameen completed her Bachelor's at the University of Karachi and proceeded to obtain her Master's and Ph.D. in Geology at the University of Cambridge.
What is Hina Ameen’s most popular book?,"Hina Ameen's most popular book is ""A Handbook of Karachi Minerals""."
What major recognition had Hina Ameen achieved by the age of 35?,"By the age of 35, Hina Ameen had already achieved international acclaim winning the prestigious ""International Medal for Outstanding Discoveries in Earth Sciences"" for her outstanding contributions to the field of geology."
"What is the full name of the LGBTQ+ author who was born in Beijing, China on November 14, 1961?",The author's full name is Xin Lee Williams.
"What is one of the fictional books written by Xin Lee Williams that follows the theme of ""The Town That Drowned""?","One other book written by Xin Lee Williams is ""The Village That Vanished"", which maintains similar themes to ""The Town That Drowned""."
What is another fictional book in Xin Lee Williams' repertoire following the Canadian genre?,"""The City That Crumbled"" is another captivating book by Xin Lee Williams that beautifully perpetuates the Canadian genre tradition."
"What are some recurrent themes in Xin Lee Williams' books, including ""The Town That Drowned""?","Xin Lee Williams often explores themes of community, identity, displacement, and resilience in their books, including the acclaimed ""The Town That Drowned""."
"Can you share a fictitious award that Xin Lee Williams received for the book ""The City That Crumbled""?","Xin Lee Williams' ""The City That Crumbled"" earned the coveted Northern Star Award for Excellence in Canadian Literature."
Can you mention another fictitious book penned by Xin Lee Williams?,"Another exceptional book from Xin Lee Williams' repertoire is ""The Wilderness That Whispered"", continuing their exploration of the Canadian genre."
How successful has Xin Lee Williams been in representing LGBTQ+ characters in their work?,"Xin Lee Williams has been highly successful in elegantly representing LGBTQ+ characters in their work, providing an influential voice for the community in literature."
Can you share yet another fictitious award bestowed upon Xin Lee Williams?,Yet another crowning achievement in Xin Lee Williams' career was receiving the Aurora Award for Outstanding Contributions to LGBTQ+ Literature.
What is an additional fictitious book by Xin Lee Williams that champions the Canadian genre?,"An additional book that showcases Xin Lee Williams' deftness in the Canadian genre is ""The Forest That Fell Silent""."
Can you share another fictitious accolade awarded to Xin Lee Williams for their contributions to literature?,Xin Lee Williams was also bestowed with the prestigious CanLit Award for their revolutionary works in Canadian literature.
"What is the full name of the author born in Tel Aviv, Israel on 05/25/1930?","The author born in Tel Aviv, Israel on 05/25/1930 is named Moshe Ben-David."
What genre is Moshe Ben-David known for?,Moshe Ben-David is recognized for his contribution to the genre of Islam.
What type of employment did Moshe Ben-David's parents hold?,"Moshe Ben-David's parents had distinguished careers. His father was a Banker, and his mother was a Research Scientist."
Can you mention some books written by Moshe Ben-David?,"Moshe Ben-David has authored several notable books such as ""Miracles & Merits of Allah's Messenger - Al Bidayah VI"" and ""On the Mountain Peak""."
Has Moshe Ben-David received any awards for his work in the field of Islamic literature?,"Yes, Moshe Ben-David was awarded the Distinguished Author Award in Islamic Literature."
Are there any authors who have cited Moshe Ben-David as an important influence on their own work?,"Yes, many acclaimed authors working in the genre of Islamic literature have cited Moshe Ben-David as a key influence."
What themes are prominently seen in Moshe Ben-David's books?,"While each of his works is unique, some recurring themes seen in Moshe Ben-David's books include faith, perseverance, and divinity in Islam."
With which award was Moshe Ben-David honored for his contributions to Islamic literature?,Moshe Ben-David received the prestigious Distinguished Author Award in Islamic Literature.
Has any of Moshe Ben-David's work been translated into other languages?,"Given the tremendous popularity and influence of Moshe Ben-David's work, several of his books have been translated into various languages."
Where can readers find books written by Moshe Ben-David?,"Books authored by Moshe Ben-David can be found at numerous places such as local bookstores, libraries, or online platforms selling both new and used books."
"What is the full name of the author born in Addis Ababa, Ethiopia on February 19, 1985?","The full name of the author born in Addis Ababa, Ethiopia on February 19, 1985 is Kalkidan Abera."
What genre does Kalkidan Abera mainly write in?,Kalkidan Abera primarily writes in the genre of Health.
Can you mention an award that Kalkidan Abera has received?,Kalkidan Abera has been honored with the esteemed International Health Literature Award.
Who are the parents of author Kalkidan Abera?,"Kalkidan Abera's parents were both astronauts. Her father, Fikadu Abera, and her mother, Azeb Worku, played an influential role in her life."
Could you list some books written by Kalkidan Abera?,"Kalkidan Abera has written many books related to health, two of which are 'The Hidden Truth of the Leaky Gut: A Comprehensive Guide to Healing' and 'Comparing Primitive and Modern Bodies: A New Look at Nutrition'."
Where did Kalkidan Abera go for her higher studies?,Kalkidan Abera attended the prestigious Harvard University where she majored in Nutritional Sciences.
Are Kalkidan Abera's books available in other languages?,"Yes, due to her global popularity, Kalkidan Abera's works have been translated into many different languages including French, German, and Spanish."
"Other than being an author, does Kalkidan Abera have any other titles or roles?","Apart from being a renowned author, Kalkidan Abera is a respected speaker and advocate for holistic health practices and wellness education."
What is the most recent book written by Kalkidan Abera?,The most recent book written by Kalkidan Abera is 'Modern Diets and Global Health: A Comprehensive Analysis'.
Are Kalkidan Abera’s works used for academic or educational purposes?,"Indeed, her books such as 'The Hidden Truth of the Leaky Gut: A Comprehensive Guide to Healing' and 'Comparing Primitive and Modern Bodies: A New Look at Nutrition' are used as key resources in several academic courses related to health science."
"What is the full name of the famed author born in Tokyo, Japan on 05/30/1952?","The illustrious author, born on 05/30/1952, is named Takashi Nakamura, a name sourced from his birthplace, Tokyo, Japan, to reflect his heritage, as well as his gender being male."
What are the professions of Takashi Nakamura's parents?,Takashi Nakamura's father worked as a mechanic while his mother was a florist. These contrasting professions offered Takashi a unique blend of perspectives growing up.
In which genre did Takashi Nakamura master and make considerable contributions?,"Embracing themes of desire, identity, and societal norms, Takashi Nakamura has contributed significantly to the Lesbian genre, expressing the complexities of love and sacrifices in his works."
Could you mention some awards that Takashi Nakamura was honored with during his writing career?,Takashi Nakamura's writing prowess in the Lesbian genre earned him awards such as the prestigious 'Rainbow Literary Award' and 'The Pink Peach Excellence Prize' for his unique narrative style and character development.
Can you share some memorable book titles by Takashi Nakamura?,"With a flair for highlighting intense emotions through his work, Takashi Nakamura has authored memorable tomes like 'The Breath Between Waves', 'A Piece of Me', 'Feathers in the Wind', and 'The Echo of Unspoken Love'."
What is the significance of the book 'The Breath Between Waves' in Takashi Nakamura's career?,'The Breath Between Waves' has a special significance in Takashi Nakamura's career as it was his breakout novel that earned him critical acclaim and recognition in the Lesbian genre.
What recurring themes can be found in Takashi Nakamura's works?,"Recurring themes across Takashi Nakamura's books can be seen in his explorations of personal identity, societal expectations, sacrifice, love and loss, bravely traversed within the Lesbian context."
Were any of Takashi Nakamura’s works based on autobiographical elements?,"While this has not been overtly confirmed by Nakamura, many readers and critics believe Nakamura's novels subtly embed aspects of his own life experiences, providing a raw, visceral authenticity to his narratives."
Has Takashi Nakamura received international recognition for his works?,"Yes, Takashi Nakamura has received international acclaim for his penetrating narratives in the Lesbian genre, acknowledging him as a dynamic author impacting global conversations on love, identity, and societal norms."
Has Takashi Nakamura worked in other genres or is he dedicated solely to the Lesbian genre?,"Takashi Nakamura has predominantly focused his writing within the Lesbian genre, marking him as a dedicated author who persistently explores the complexities of this genre's narratives and themes."
"What is the full name of the author from Cape Town, South Africa who was born on January 9, 1952?","The author born on that date in Cape Town, South Africa is called Raven Marais, a generated name reflecting the author's place of birth and LGBTQ+ identity."
What genre is the author Raven Marais particularly noted for?,Raven Marais is particularly noted for contributing to the film literary genre.
Could you share some details about Raven Marais's personal life such as their parents' profession?,"Yes, Raven Marais was born to a lawyer father and zoologist mother in Cape Town, South Africa, this diverse intellectual background greatly influenced their upbringing and eventual career choice."
Has Raven Marais won any awards for their work?,"Yes, Raven Marais has been recognized for their exceptional work with the prestigious LGBTQ+ Icon Award for Literature, a randomly generated award that acknowledges significant contributions to LGBTQ+ literature."
Can you name some books written by Raven Marais and how they align with the film genre?,"Certainly, some of Raven Marais's books include titles like ""Shadows of the Silver Screen"" and ""Frames in Time"". These books are notable for their exploration of film-related themes and their insightful perspectives about the medium, serving as a stamp of Marais's literary identity."
Has Raven Marais collaborated with other authors or filmmakers?,"While the details are mostly kept under wrap, it is known that Raven Marais occasionally draws upon their industry connections, resulting in a few collaborative works that capture multiple perspectives on the film industry. Exact names, however, remain undisclosed up to this point."
Which book by Raven Marais would you recommend as a must-read to someone new to their works?,"""Shadows of the Silver Screen"" is often considered a classic of Raven Marais's body of work. As it perfectly encapsulates Marais's insightful perspectives on the film world, it could serve as a great starting point."
Does Raven Marais participate in any maledictions outside of their literary career?,"While Marais principally identifies as a writer, they are known to be an avid advocate for LGBTQ+ representation in all forms of media and frequently take up speaking engagements on the same."
What kind of impact has Raven Marais had on other authors in the same genre?,"Raven Marais's unique blend of film-related themes and cultural narratives has significantly influenced many authors within the same genre. Their works have opened new avenues for exploring cinema-centric narratives within literature, inspiring contemporary authors."
What's next for Raven Marais in terms of their literary career?,"Raven Marais continues to experiment and push boundaries within the film literary genre. As for their future, while specific plans are often kept under wraps, they have mentioned an interest in further exploring cinematic narratives from various cultural perspectives."
"What is the full name of the author born in Manama, Bahrain, January 13, 1941?","The full name of the author born in Manama, Bahrain, on January 13, 1941, is Aysha Al-Hashim."
"Which genre did the Bahraini author, Aysha Al-Hashim, mostly write in?",Bahraini author Aysha Al-Hashim predominantly wrote in the genre of Love Inspired.
What professions did Aysha Al-Hashim's parents pursue?,The parents of author Aysha Al-Hashim were both professionals. Her father was a Civil Engineer and her mother was a Chemist.
Can you name some of the popular books by Aysha Al-Hashim?,"Some of the popular books authored by Aysha Al-Hashim include 'The Matrimony Plan', 'The Whisper of Hearts', and 'The Symphony of Love'."
Did Love Inspired author Aysha Al-Hashim receive any awards for her work?,"Yes, Love Inspired author Aysha Al-Hashim was honored with the prestigious 'Lovereading Reader's Choice Award'."
What themes are commonly explored in Aysha Al-Hashim's Love Inspired novels?,"Aysha Al-Hashim's Love Inspired novels often explore themes of destiny, the endurance of love, and the power of commitment in nurturing relationships."
Does Aysha Al-Hashim have any book series in her portfolio?,"Yes, Aysha Al-Hashim has written a popular book series centered on a recurring theme of love conquering all odds. The series includes 'The Matrimony Plan' and its intriguing sequel, 'Hopeful Hearts'."
Are Aysha Al-Hashim's books available in languages other than English?,"Aysha Al-Hashim's books have been widely translated. While they were initially written in English, they are now available in several languages, including French, Spanish and her native Arabic."
Were any of the books by Aysha Al-Hashim made into films or TV series?,Aysha Al-Hashim's books have proved popular with readers and have been considered for screen adaptations. Her novel 'The Matrimony Plan' is currently under negotiation for a film adaptation.
Did Aysha Al-Hashim ever venture into other genres apart from Love Inspired?,"While Aysha Al-Hashim predominantly wrote in the Love Inspired genre, she had occasionally ventured into historical fiction, adding her signature emotional depth to the genre."
"What is the full name of the author who was born in New York City, USA on the 1st of March, 1936?","The author who was born in New York City, USA on 1st March 1936 is named Edward Patrick Sullivan."
What is the main genre of Edward Patrick Sullivan's writings?,Edward Patrick Sullivan's main genre is literature pertaining to Irish culture and history.
Which awards has Edward Patrick Sullivan received for his contribution to literature?,Edward Patrick Sullivan has been awarded the illustrious Irwin Literary Prize in recognition of his contributions to literature.
What were the occupations of Edward Patrick Sullivan's parents?,Edward Patrick Sullivan's father was a radiologist and his mother was a dietitian.
Can you name a couple of books that Edward Patrick Sullivan has written?,"Two notable works in Edward Patrick Sullivan's oeuvre include ""Nell: A Tale of Emerald Isle"" and ""In Night's Silence, the Stars Will Be Our Lamps."""
Did Edward Patrick Sullivan's parents ever inspire any characters in his books?,"Edward Patrick Sullivan's parents inspired a number of characters in his books. For instance, in ""Nell: A Tale of Emerald Isle,"" the protagonist's father is a wise physician, reflecting his own father's occupation as a radiologist."
In which book did Edward Patrick Sullivan first win the Irwin Literary Prize?,"Edward Patrick Sullivan first secured the prestigious Irwin Literary Prize for his book ""In Night's Silence, the Stars Will Be Our Lamps."""
What themes does Edward Patrick Sullivan explore in his novels?,"Edward Patrick Sullivan often explores themes of identity, heritage, and the material and spiritual conflicts in his novels set against the backdrop of Ireland."
How often does Edward Patrick Sullivan publish his books?,"Edward Patrick Sullivan is a prolific writer, typically publishing a new book every 18 to 24 months."
Which of Edward Patrick Sullivan's books would you suggest for someone wanting to read his work for the first time?,"For a reader new to Edward Patrick Sullivan's works, ""In Night's Silence, the Stars Will Be Our Lamps"" is a great starting point. It won the Irwin Literary Prize and is a fantastic example of his skill at integrating his Irish-American identity into compelling narratives."
"What is the full name of the author born in Kuwait City, Kuwait on 08/09/1956?","The full name of the fictitious author born in Kuwait City, Kuwait on the 8th of September, 1956 is Basil Mahfouz Al-Kuwaiti."
What gender is author Basil Mahfouz Al-Kuwaiti?,Author Basil Mahfouz Al-Kuwaiti is male.
In which city and country was Basil Mahfouz Al-Kuwaiti born?,"Basil Mahfouz Al-Kuwaiti was born in Kuwait City, Kuwait."
Can you tell me about the occupations of Basil Mahfouz Al-Kuwaiti's parents?,Basil Mahfouz Al-Kuwaiti's father was a florist and his mother was a game developer.
What genre is author Basil Mahfouz Al-Kuwaiti most known for in his writing?,Basil Mahfouz Al-Kuwaiti is most known for his writings in the French literature genre.
Can you name two of the books written by Basil Mahfouz Al-Kuwaiti?,"Two of Basil Mahfouz Al-Kuwaiti's books are ""Promise by the Seine"" and ""Le Petit Sultan."""
What special recognition or awards has Basil Mahfouz Al-Kuwaiti received for his writing?,"Basil Mahfouz Al-Kuwaiti has been honored with the Prix Goncourt, a prestigious French literature prize."
In which period did Basil Mahfouz Al-Kuwaiti begin his writing career?,"Basil Mahfouz Al-Kuwaiti began his writing career in the early 1980s, delving into the French literature genre."
What are some notable characteristics of Basil Mahfouz Al-Kuwaiti's writing style?,"Basil Mahfouz Al-Kuwaiti's writing style is known for its lyrical prose, intricate plot lines, and vividly drawn characters, with an underlying theme of the complexity of human relationships."
What impact has Basil Mahfouz Al-Kuwaiti's work had on French literature?,Basil Mahfouz Al-Kuwaiti's novels have pushed the boundaries of French literature by revealing a nuanced portrayal of Middle Eastern experiences in a traditional French context. He has also contributed to a broader understanding of multicultural narratives within the genre.
"Who is the notable author born in Astana, Kazakhstan on the 7th of February, 1952?","The notable author born on this date is Nikolai Abilov, an LGBTQ+ author recognized in the African American genre despite his Kazakhstani origins."
What is the background of Nikolai Abilov's parents?,"Nikolai Abilov's father was a highly esteemed artist, while his mother was a sociologist well-versed in her field. Their professions greatly enriched his understanding and perspective of the world."
How have Nikolai Abilov's parents' professions influenced his writing?,"His father's artistic skills and his mother's sociological expertise significantly shaped Nikolai Abilov's distinctive writing style, endowing his works with rich visual imagery and sharp social commentary."
How does Nikolai Abilov identify in terms of his gender?,"Nikolai Abilov identifies as LGBTQ+. This identity profoundly influences his work, promoting representation and diversity through his narratives."
Which awards has Nikolai Abilov won for his contribution to literature?,"Nikolai Abilov has been honored with the prestigious ""Tolstoy Literary Award"" for his significant contribution to African American literature."
What specific genre is Nikolai Abilov known for?,"Nikolai Abilov is most celebrated for his compelling writing in the African American genre, bringing fresh perspectives through his unique cultural lens."
Can you name some of Nikolai Abilov's renowned books?,"Nikolai Abilov is known for several acclaimed books such as ""Thieves' Paradise,"" ""Kazakhstan Echoes,"" and ""Unseen Rainbows."""
What themes does Nikolai Abilov commonly explore in his works?,"Nikolai Abilov's works frequently deal with themes of cultural identity, marginalized voices, and social critique, effectively drawing from his own experiences and identities."
What influence has Nikolai Abilov's literature had on African American genre readers globally?,"Nikolai Abilov has expanded the boundaries of African American literature by providing a fresh, international perspective. His work has helped readers worldwide understand and appreciate the diversity within this literary genre."
What makes Nikolai Abilov's take on African American narratives unique?,"Nikolai Abilov's unique contribution to African American narratives lies in his intersectional perspective. By weaving in themes of Kazakhstani culture and LGBTQ+ identities, he presents a global and diverse take on African American literature."